{"TaxRate":0.15,"InputPrices":[10.2,65,9.7,23],"TaxIncludedPrices":{"10.20":11.729999999999999,"23.00":26.45,"65.00":74.75,"9.70":11.154999999999998}}
